{"cameraMode":{"drawMode":0,"name":"Shaded","section":"Shading Mode"},"sceneLighting":false,"audioPlay":false,"sceneViewState":{"showFog":true,"showMaterialUpdate":false,"showSkybox":true,"showFlares":true,"showImageEffects":true,"showParticleSystems":true},"in2DMode":false,"pivot":{"x":-183.59188842773438,"y":-96.73255920410156,"z":-23.11639404296875},"rotation":{"x":-0.1708173304796219,"y":0.6957209706306458,"z":-0.17602306604385377,"w":-0.675136923789978},"size":249.39915466308595,"orthographic":false}